flyer_name, product_name, unit_promo_price, uom, least_unit_for_promo, save_per_unit, discount, organic
week_10_page_1
week_10_page_2
week_10_page_3
week_10_page_4
week_11_page_1
week_11_page_2
week_11_page_3
week_11_page_4
week_12_page_1
week_12_page_2
week_12_page_3
week_12_page_4
week_13_page_1
week_13_page_2
week_13_page_3
week_13_page_4
week_14_page_1
week_14_page_2
week_14_page_3
week_14_page_4
week_15_page_1
week_15_page_2
week_15_page_3
week_15_page_4
week_16_page_1
week_16_page_2
week_16_page_3
week_16_page_4
week_17_page_1
week_17_page_2
week_17_page_3
week_17_page_4
week_18_page_1
week_18_page_2
week_18_page_3
week_18_page_4
week_19_page_1
week_19_page_2
week_19_page_3
week_19_page_4
week_1_page_1
week_1_page_2
week_1_page_3
week_1_page_4
week_20_page_1
week_20_page_2
week_20_page_3
week_20_page_4
week_21_page_1
week_21_page_2
week_21_page_3
week_21_page_4
week_22_page_1
week_22_page_2
week_22_page_3
week_22_page_4
week_23_page_1
week_23_page_2
week_23_page_3
week_23_page_4
week_24_page_1
week_24_page_2
week_24_page_3
week_24_page_4
week_25_page_1
week_25_page_2
week_25_page_3
week_25_page_4
week_26_page_1
week_26_page_2
week_26_page_3
week_26_page_4
week_27_page_1
week_27_page_2
week_27_page_3
week_27_page_4
week_28_page_1
week_28_page_2
week_28_page_3
week_28_page_4
week_28_page_5
week_28_page_6
week_28_page_7
week_28_page_8
week_29_page_1
week_29_page_2
week_29_page_3
week_29_page_4
week_2_page_1
week_2_page_2
week_2_page_3
week_2_page_4
week_30_page_1
week_30_page_2
week_30_page_3
week_30_page_4
week_31_page_1
week_31_page_2
week_31_page_3
week_31_page_4
week_32_page_1
week_32_page_2
week_32_page_3
week_32_page_4
week_33_page_1
week_33_page_2
week_33_page_3
week_33_page_4
week_34_page_1
week_34_page_2
week_34_page_3
week_34_page_4
week_35_page_1
week_35_page_2
week_35_page_3
week_35_page_4
week_36_page_1
week_36_page_2
week_36_page_3
week_36_page_4
week_37_page_1
week_37_page_2
week_37_page_3
week_37_page_4
week_38_page_1
week_38_page_2
week_38_page_3
week_38_page_4
week_39_page_1
week_39_page_2
week_39_page_3
week_39_page_4
week_3_page_1
week_3_page_2
week_3_page_3
week_3_page_4
week_40_page_1
week_40_page_2
week_40_page_3
week_40_page_4
week_41_page_1
week_41_page_2
week_41_page_3
week_41_page_4
week_42_page_1
week_42_page_2
week_42_page_3
week_42_page_4
week_43_page_1
week_43_page_2
week_43_page_3
week_43_page_4
week_44_page_1
week_44_page_2
week_44_page_3
week_44_page_4
week_45_page_1
week_45_page_2
week_45_page_3
week_45_page_4
week_46_page_1
week_46_page_2
week_46_page_3
week_46_page_4
week_47_page_1
week_47_page_2
week_47_page_3
week_47_page_4
week_48_page_1
week_48_page_2
week_48_page_3
week_48_page_4
week_49_page_1
week_49_page_2
week_49_page_3
week_49_page_4
week_4_page_1
week_4_page_2
week_4_page_3
week_4_page_4
week_50_page_1
week_50_page_2
week_50_page_3
week_50_page_4
week_51_page_1
week_51_page_2
week_51_page_3
week_51_page_4
week_52_page_1
week_52_page_2
week_52_page_3
week_52_page_4
week_5_page_1
week_5_page_2
week_5_page_3
week_5_page_4
week_6_page_1
week_6_page_2
week_6_page_3
week_6_page_4
week_7_page_1
week_7_page_2
week_7_page_3
week_7_page_4
week_8_page_1
week_8_page_2
week_8_page_3
week_8_page_4
week_9_page_1
week_9_page_2
week_9_page_3
week_9_page_4